[{"create-time":1602927132540,"title":"curriculum vitae",":create/user":{":user/uid":"8Nk1KVg1ozgxUxN0tYx5XNQAcbm2"},"children":[{"string":"rory watts","create-time":1614662628600,":create/user":{":user/uid":"8Nk1KVg1ozgxUxN0tYx5XNQAcbm2"},"children":[{"string":"last updated: [[March 8th, 2021]]","create-time":1615181928639,":block/refs":[{":block/uid":"03-08-2021"}],"refs":[{"uid":"03-08-2021"}],":create/user":{":user/uid":"8Nk1KVg1ozgxUxN0tYx5XNQAcbm2"},"uid":"p5R4xOOZB","edit-time":1615181933502,":edit/user":{":user/uid":"8Nk1KVg1ozgxUxN0tYx5XNQAcbm2"}},{"string":"location: North Fremantle, Western Australia, Australia","create-time":1614662641674,"uid":"HzpY9KmF5","edit-time":1614759880829,":create/user":{":user/uid":"8Nk1KVg1ozgxUxN0tYx5XNQAcbm2"},":edit/user":{":user/uid":"8Nk1KVg1ozgxUxN0tYx5XNQAcbm2"}},{"string":"e-mail: rory dot watts at gmail dot com","create-time":1614662583812,"uid":"AJWedgm_I","edit-time":1615181919182,":create/user":{":user/uid":"8Nk1KVg1ozgxUxN0tYx5XNQAcbm2"},":edit/user":{":user/uid":"8Nk1KVg1ozgxUxN0tYx5XNQAcbm2"}},{"string":"website: https://rorywatts.github.io/","create-time":1614760031696,"uid":"UON5irZGT","edit-time":1614760045832,":create/user":{":user/uid":"8Nk1KVg1ozgxUxN0tYx5XNQAcbm2"},":edit/user":{":user/uid":"8Nk1KVg1ozgxUxN0tYx5XNQAcbm2"}}],"uid":"gRLeDlfmj","edit-time":1614760063669,":edit/user":{":user/uid":"8Nk1KVg1ozgxUxN0tYx5XNQAcbm2"}},{"string":"education","create-time":1614590282982,":create/user":{":user/uid":"8Nk1KVg1ozgxUxN0tYx5XNQAcbm2"},"children":[{"string":"Doctor of Philosophy","create-time":1614590338382,":create/user":{":user/uid":"8Nk1KVg1ozgxUxN0tYx5XNQAcbm2"},"children":[{"string":"Location: [[The University of Western Australia]]","create-time":1614590357437,":block/refs":[{":block/uid":"HFGhVIR3E"}],"refs":[{"uid":"HFGhVIR3E"}],":create/user":{":user/uid":"8Nk1KVg1ozgxUxN0tYx5XNQAcbm2"},"uid":"irdbQD6Y4","edit-time":1614759867654,":edit/user":{":user/uid":"8Nk1KVg1ozgxUxN0tYx5XNQAcbm2"}},{"string":"Conferral Date: [[April 16th, 2021]]","create-time":1614590368717,":block/refs":[{":block/uid":"04-16-2021"}],"refs":[{"uid":"04-16-2021"}],":create/user":{":user/uid":"8Nk1KVg1ozgxUxN0tYx5XNQAcbm2"},"uid":"rkYARF9Gv","edit-time":1614663248665,":edit/user":{":user/uid":"8Nk1KVg1ozgxUxN0tYx5XNQAcbm2"}},{"string":"[[Thesis - The relationship between public health education and public health occupations in Australia]]","create-time":1614590437473,":block/refs":[{":block/uid":"eCyDLq3tW"}],"refs":[{"uid":"eCyDLq3tW"}],":create/user":{":user/uid":"8Nk1KVg1ozgxUxN0tYx5XNQAcbm2"},"uid":"h7sEIbTBt","edit-time":1614762270139,":edit/user":{":user/uid":"8Nk1KVg1ozgxUxN0tYx5XNQAcbm2"}}],"uid":"PwivHXKB5","edit-time":1614590391641,":edit/user":{":user/uid":"8Nk1KVg1ozgxUxN0tYx5XNQAcbm2"}},{"string":"Master of Public Health with Distinction","create-time":1614590506224,":create/user":{":user/uid":"8Nk1KVg1ozgxUxN0tYx5XNQAcbm2"},"children":[{"string":"Location: [[The University of Western Australia]]","create-time":1614590555967,":block/refs":[{":block/uid":"HFGhVIR3E"}],"refs":[{"uid":"HFGhVIR3E"}],":create/user":{":user/uid":"8Nk1KVg1ozgxUxN0tYx5XNQAcbm2"},"uid":"E1ucuZUXX","edit-time":1614759867654,":edit/user":{":user/uid":"8Nk1KVg1ozgxUxN0tYx5XNQAcbm2"}},{"string":"Conferral Date: [[November 2nd, 2015]]","create-time":1614590608750,":block/refs":[{":block/uid":"11-02-2015"}],"refs":[{"uid":"11-02-2015"}],":create/user":{":user/uid":"8Nk1KVg1ozgxUxN0tYx5XNQAcbm2"},"uid":"gqaDYE1yF","edit-time":1614590632356,":edit/user":{":user/uid":"8Nk1KVg1ozgxUxN0tYx5XNQAcbm2"}}],"uid":"YIjPhPX0K","edit-time":1614590555991,":edit/user":{":user/uid":"8Nk1KVg1ozgxUxN0tYx5XNQAcbm2"}},{"string":"Bachelor of Arts","create-time":1614590633618,":create/user":{":user/uid":"8Nk1KVg1ozgxUxN0tYx5XNQAcbm2"},"children":[{"string":"Location: [[The University of Western Australia]]","create-time":1614590640785,":block/refs":[{":block/uid":"HFGhVIR3E"}],"refs":[{"uid":"HFGhVIR3E"}],":create/user":{":user/uid":"8Nk1KVg1ozgxUxN0tYx5XNQAcbm2"},"uid":"aLbQj0rA6","edit-time":1614759867654,":edit/user":{":user/uid":"8Nk1KVg1ozgxUxN0tYx5XNQAcbm2"}},{"string":"Conferral Date: [[May 26th, 2014]]","create-time":1614590645311,":block/refs":[{":block/uid":"05-26-2014"}],"refs":[{"uid":"05-26-2014"}],":create/user":{":user/uid":"8Nk1KVg1ozgxUxN0tYx5XNQAcbm2"},"uid":"vwEv8uanA","edit-time":1614590665371,":edit/user":{":user/uid":"8Nk1KVg1ozgxUxN0tYx5XNQAcbm2"}}],"uid":"W5jrPkwsm","edit-time":1614590640169,":edit/user":{":user/uid":"8Nk1KVg1ozgxUxN0tYx5XNQAcbm2"}},{"string":"Bachelor of Medical Science with First Class Honours in Obstetrics and Gynaecology","create-time":1614590669159,":create/user":{":user/uid":"8Nk1KVg1ozgxUxN0tYx5XNQAcbm2"},"children":[{"string":"Location: [[The University of Western Australia]]","create-time":1614590673192,":block/refs":[{":block/uid":"HFGhVIR3E"}],"refs":[{"uid":"HFGhVIR3E"}],":create/user":{":user/uid":"8Nk1KVg1ozgxUxN0tYx5XNQAcbm2"},"uid":"bULVtpucz","edit-time":1614759867654,":edit/user":{":user/uid":"8Nk1KVg1ozgxUxN0tYx5XNQAcbm2"}},{"string":"Conferral Date: [[April 9th, 2014]]","create-time":1614590677999,":block/refs":[{":block/uid":"04-09-2014"}],"refs":[{"uid":"04-09-2014"}],":create/user":{":user/uid":"8Nk1KVg1ozgxUxN0tYx5XNQAcbm2"},"uid":"G3e6opgRY","edit-time":1614590697644,":edit/user":{":user/uid":"8Nk1KVg1ozgxUxN0tYx5XNQAcbm2"}}],"uid":"bYbJ_-_SP","edit-time":1614590672810,":edit/user":{":user/uid":"8Nk1KVg1ozgxUxN0tYx5XNQAcbm2"}}],"uid":"DoCYasgQM","edit-time":1614590291035,":edit/user":{":user/uid":"8Nk1KVg1ozgxUxN0tYx5XNQAcbm2"}},{"string":"work","create-time":1614590291007,":create/user":{":user/uid":"8Nk1KVg1ozgxUxN0tYx5XNQAcbm2"},"children":[{"edit-time":1615182002236,"children":[{"edit-time":1615195432865,"children":[{"string":"consultant (offsite)","create-time":1614591063508,":create/user":{":user/uid":"8Nk1KVg1ozgxUxN0tYx5XNQAcbm2"},"children":[{"string":"Work: [[Cancer - COVID - Excel]], [[Cancer - COVID - django]]","create-time":1614591357273,":block/refs":[{":block/uid":"-utLIXYFk"},{":block/uid":"GEPM53g7z"}],"refs":[{"uid":"-utLIXYFk"},{"uid":"GEPM53g7z"}],":create/user":{":user/uid":"8Nk1KVg1ozgxUxN0tYx5XNQAcbm2"},"uid":"b7u8e2rcE","edit-time":1614591369488,":edit/user":{":user/uid":"8Nk1KVg1ozgxUxN0tYx5XNQAcbm2"}},{"string":"From: [[September 28th, 2020]]","create-time":1614591224165,":block/refs":[{":block/uid":"09-28-2020"}],"refs":[{"uid":"09-28-2020"}],":create/user":{":user/uid":"8Nk1KVg1ozgxUxN0tYx5XNQAcbm2"},"uid":"-p3A4Bv1v","edit-time":1614591252723,":edit/user":{":user/uid":"8Nk1KVg1ozgxUxN0tYx5XNQAcbm2"}},{"string":"To: [[December 31st, 2020]]","create-time":1614591254421,":block/refs":[{":block/uid":"12-31-2020"}],"refs":[{"uid":"12-31-2020"}],":create/user":{":user/uid":"8Nk1KVg1ozgxUxN0tYx5XNQAcbm2"},"uid":"u99YvKahX","edit-time":1614591268571,":edit/user":{":user/uid":"8Nk1KVg1ozgxUxN0tYx5XNQAcbm2"}},{"string":"private","create-time":1615196729943,":create/user":{":user/uid":"8Nk1KVg1ozgxUxN0tYx5XNQAcbm2"},"children":[{"string":"Payment: AUD33,049.28","create-time":1614591160944,"uid":"Pi_IuKd2w","edit-time":1615196720246,":create/user":{":user/uid":"8Nk1KVg1ozgxUxN0tYx5XNQAcbm2"},":edit/user":{":user/uid":"8Nk1KVg1ozgxUxN0tYx5XNQAcbm2"}},{"string":"Purchase Order: 202592612","create-time":1614591070220,"uid":"CMdEIdm47","edit-time":1614591160871,":create/user":{":user/uid":"8Nk1KVg1ozgxUxN0tYx5XNQAcbm2"},":edit/user":{":user/uid":"8Nk1KVg1ozgxUxN0tYx5XNQAcbm2"}}],"uid":"Ch1uxO0KV","edit-time":1615196913962,":edit/user":{":user/uid":"8Nk1KVg1ozgxUxN0tYx5XNQAcbm2"}}],"uid":"6Pa9sH9HR","edit-time":1614591200114,":edit/user":{":user/uid":"8Nk1KVg1ozgxUxN0tYx5XNQAcbm2"}},{"string":"consultant (offsite)","create-time":1614591273027,":create/user":{":user/uid":"8Nk1KVg1ozgxUxN0tYx5XNQAcbm2"},"children":[{"string":"Purchase Order: 202556540","create-time":1614591295844,"uid":"2R50SpqYN","edit-time":1614591298795,":create/user":{":user/uid":"8Nk1KVg1ozgxUxN0tYx5XNQAcbm2"},":edit/user":{":user/uid":"8Nk1KVg1ozgxUxN0tYx5XNQAcbm2"}},{"string":"From: [[June 20th, 2020]]","create-time":1614591298771,":block/refs":[{":block/uid":"06-20-2020"}],"refs":[{"uid":"06-20-2020"}],":create/user":{":user/uid":"8Nk1KVg1ozgxUxN0tYx5XNQAcbm2"},"uid":"7sNfqNMwW","edit-time":1614591326612,":edit/user":{":user/uid":"8Nk1KVg1ozgxUxN0tYx5XNQAcbm2"}},{"string":"To: [[July 31st, 2020]]","create-time":1614591300867,":block/refs":[{":block/uid":"07-31-2020"}],"refs":[{"uid":"07-31-2020"}],":create/user":{":user/uid":"8Nk1KVg1ozgxUxN0tYx5XNQAcbm2"},"uid":"4hAN2sWBT","edit-time":1614591338327,":edit/user":{":user/uid":"8Nk1KVg1ozgxUxN0tYx5XNQAcbm2"}},{"string":"Payment: AUD15,866.55","create-time":1614591301825,"uid":"JCZboUiIH","edit-time":1615169275542,":create/user":{":user/uid":"8Nk1KVg1ozgxUxN0tYx5XNQAcbm2"},":edit/user":{":user/uid":"8Nk1KVg1ozgxUxN0tYx5XNQAcbm2"}},{"string":"Work: [[Cancer - COVID - Excel]]","create-time":1614591375534,":block/refs":[{":block/uid":"-utLIXYFk"}],"refs":[{"uid":"-utLIXYFk"}],":create/user":{":user/uid":"8Nk1KVg1ozgxUxN0tYx5XNQAcbm2"},"uid":"4nVE2wzzY","edit-time":1614591457841,":edit/user":{":user/uid":"8Nk1KVg1ozgxUxN0tYx5XNQAcbm2"}}],"uid":"_lE3TaC6e","edit-time":1614591295799,":edit/user":{":user/uid":"8Nk1KVg1ozgxUxN0tYx5XNQAcbm2"}},{"string":"consultant (onsite)","create-time":1614592156889,":create/user":{":user/uid":"8Nk1KVg1ozgxUxN0tYx5XNQAcbm2"},"children":[{"string":"Purchase Order: 201466868","create-time":1614592161000,"uid":"zpNEQ9N6n","edit-time":1614592164289,":create/user":{":user/uid":"8Nk1KVg1ozgxUxN0tYx5XNQAcbm2"},":edit/user":{":user/uid":"8Nk1KVg1ozgxUxN0tYx5XNQAcbm2"}},{"string":"From: [[April 1st, 2016]]","create-time":1614592186911,":block/refs":[{":block/uid":"04-01-2016"}],"refs":[{"uid":"04-01-2016"}],":create/user":{":user/uid":"8Nk1KVg1ozgxUxN0tYx5XNQAcbm2"},"uid":"YuMNlwTlm","edit-time":1614592187633,":edit/user":{":user/uid":"8Nk1KVg1ozgxUxN0tYx5XNQAcbm2"}},{"string":"To: [[October 31st, 2016]]","create-time":1614592188355,":block/refs":[{":block/uid":"10-31-2016"}],"refs":[{"uid":"10-31-2016"}],":create/user":{":user/uid":"8Nk1KVg1ozgxUxN0tYx5XNQAcbm2"},"uid":"MHbhflViu","edit-time":1614592200167,":edit/user":{":user/uid":"8Nk1KVg1ozgxUxN0tYx5XNQAcbm2"}},{"string":"Payment: USD 65,807","create-time":1614592164856,"uid":"FwSn3J6pU","edit-time":1614592211351,":create/user":{":user/uid":"8Nk1KVg1ozgxUxN0tYx5XNQAcbm2"},":edit/user":{":user/uid":"8Nk1KVg1ozgxUxN0tYx5XNQAcbm2"}},{"string":"Work: [[Appendix 3 update]]","create-time":1614592227271,":block/refs":[{":block/uid":"ZWMljm91C"}],"refs":[{"uid":"ZWMljm91C"}],":create/user":{":user/uid":"8Nk1KVg1ozgxUxN0tYx5XNQAcbm2"},"uid":"82YMPcqvb","edit-time":1614592233956,":edit/user":{":user/uid":"8Nk1KVg1ozgxUxN0tYx5XNQAcbm2"}}],"uid":"F-0bBMNTQ","edit-time":1614592161026,":edit/user":{":user/uid":"8Nk1KVg1ozgxUxN0tYx5XNQAcbm2"}},{"string":"consultant (offsite)","create-time":1615169125335,":create/user":{":user/uid":"8Nk1KVg1ozgxUxN0tYx5XNQAcbm2"},"children":[{"string":"Purchase Order: 202652444","create-time":1615169130740,"uid":"rsbfADJq7","edit-time":1615169199072,":create/user":{":user/uid":"8Nk1KVg1ozgxUxN0tYx5XNQAcbm2"},":edit/user":{":user/uid":"8Nk1KVg1ozgxUxN0tYx5XNQAcbm2"}},{"string":"From: [[March 2nd, 2021]]","create-time":1615169199065,":block/refs":[{":block/uid":"03-02-2021"}],"refs":[{"uid":"03-02-2021"}],":create/user":{":user/uid":"8Nk1KVg1ozgxUxN0tYx5XNQAcbm2"},"uid":"731A_7KI2","edit-time":1615169228375,":edit/user":{":user/uid":"8Nk1KVg1ozgxUxN0tYx5XNQAcbm2"}},{"string":"To: [[May 1st, 2021]]","create-time":1615169200955,":block/refs":[{":block/uid":"05-01-2021"}],"refs":[{"uid":"05-01-2021"}],":create/user":{":user/uid":"8Nk1KVg1ozgxUxN0tYx5XNQAcbm2"},"uid":"lvFYjqQrC","edit-time":1615169236254,":edit/user":{":user/uid":"8Nk1KVg1ozgxUxN0tYx5XNQAcbm2"}},{"string":"Payment: AUD27440.70","create-time":1615169201528,"uid":"vbZ2BF1rh","edit-time":1615169269785,":create/user":{":user/uid":"8Nk1KVg1ozgxUxN0tYx5XNQAcbm2"},":edit/user":{":user/uid":"8Nk1KVg1ozgxUxN0tYx5XNQAcbm2"}},{"string":"Work: [[Cancer - COVID - Excel]]","create-time":1615169203208,":block/refs":[{":block/uid":"-utLIXYFk"}],"refs":[{"uid":"-utLIXYFk"}],":create/user":{":user/uid":"8Nk1KVg1ozgxUxN0tYx5XNQAcbm2"},"uid":"_XGkTclMy","edit-time":1615169208168,":edit/user":{":user/uid":"8Nk1KVg1ozgxUxN0tYx5XNQAcbm2"}}],"uid":"Ytl5N0du9","edit-time":1615169130507,":edit/user":{":user/uid":"8Nk1KVg1ozgxUxN0tYx5XNQAcbm2"}}],"refs":[{"uid":"Ki65-CZj-"},{"uid":"0T_NzPQi8"}],"uid":"C7uf0fZh-",":block/refs":[{":block/uid":"Ki65-CZj-"},{":block/uid":"0T_NzPQi8"}],"string":"[[HQ - NMH - NVI]] [[MND]]",":create/user":{":user/uid":"8Nk1KVg1ozgxUxN0tYx5XNQAcbm2"},"create-time":1614590919376,":edit/user":{":user/uid":"8Nk1KVg1ozgxUxN0tYx5XNQAcbm2"}},{"edit-time":1615195450588,"children":[{"string":"consultant (offsite)","create-time":1614591648714,":create/user":{":user/uid":"8Nk1KVg1ozgxUxN0tYx5XNQAcbm2"},"children":[{"string":"Purchase Order: 202324693","create-time":1614591653078,"uid":"L5KuNuOHK","edit-time":1614591660394,":create/user":{":user/uid":"8Nk1KVg1ozgxUxN0tYx5XNQAcbm2"},":edit/user":{":user/uid":"8Nk1KVg1ozgxUxN0tYx5XNQAcbm2"}},{"string":"From: [[July 15th, 2019]]","create-time":1614591660787,":block/refs":[{":block/uid":"07-15-2019"}],"refs":[{"uid":"07-15-2019"}],":create/user":{":user/uid":"8Nk1KVg1ozgxUxN0tYx5XNQAcbm2"},"uid":"QF0254NFj","edit-time":1614591735915,":edit/user":{":user/uid":"8Nk1KVg1ozgxUxN0tYx5XNQAcbm2"}},{"string":"To: [[August 30th, 2019]]","create-time":1614591662214,":block/refs":[{":block/uid":"08-30-2019"}],"refs":[{"uid":"08-30-2019"}],":create/user":{":user/uid":"8Nk1KVg1ozgxUxN0tYx5XNQAcbm2"},"uid":"T_AnXTN5x","edit-time":1614591743824,":edit/user":{":user/uid":"8Nk1KVg1ozgxUxN0tYx5XNQAcbm2"}},{"string":"Payment: $17,148","create-time":1614591663270,"uid":"xFTph9E2d","edit-time":1614591677884,":create/user":{":user/uid":"8Nk1KVg1ozgxUxN0tYx5XNQAcbm2"},":edit/user":{":user/uid":"8Nk1KVg1ozgxUxN0tYx5XNQAcbm2"}},{"string":"Work: For WHO's mental health work on best buys/cost-effectiveness, to set up and run for 20 countries (as per Appendix 1) an updated WHO-CHOICE impact analysis of previously assessed mental health care interventions (as per Appendix 2), for one coverage level per intervention, using the CHOICE module of the Spectrum platform.","create-time":1614591664966,"uid":"2qR5dDEiP","edit-time":1614591712193,":create/user":{":user/uid":"8Nk1KVg1ozgxUxN0tYx5XNQAcbm2"},":edit/user":{":user/uid":"8Nk1KVg1ozgxUxN0tYx5XNQAcbm2"}}],"uid":"HffWR7xHI","edit-time":1614591652437,":edit/user":{":user/uid":"8Nk1KVg1ozgxUxN0tYx5XNQAcbm2"}}],"refs":[{"uid":"KuZLmkjzL"},{"uid":"m3hrwSesL"}],"uid":"Gw2vocemS",":block/refs":[{":block/uid":"KuZLmkjzL"},{":block/uid":"m3hrwSesL"}],"string":"[[HQ - NMH - MSD]] [[MSD MER]]",":create/user":{":user/uid":"8Nk1KVg1ozgxUxN0tYx5XNQAcbm2"},"create-time":1614590938561,":edit/user":{":user/uid":"8Nk1KVg1ozgxUxN0tYx5XNQAcbm2"}},{"edit-time":1615195464413,"children":[{"string":"consultant (offsite)","create-time":1614591829910,":create/user":{":user/uid":"8Nk1KVg1ozgxUxN0tYx5XNQAcbm2"},"children":[{"string":"Purchase Order: 202053704","create-time":1614591839288,"uid":"dqE4Zrxit","edit-time":1614591853275,":create/user":{":user/uid":"8Nk1KVg1ozgxUxN0tYx5XNQAcbm2"},":edit/user":{":user/uid":"8Nk1KVg1ozgxUxN0tYx5XNQAcbm2"}},{"string":"From: [[August 13th, 2018]]","create-time":1614591853509,":block/refs":[{":block/uid":"08-13-2018"}],"refs":[{"uid":"08-13-2018"}],":create/user":{":user/uid":"8Nk1KVg1ozgxUxN0tYx5XNQAcbm2"},"uid":"4i4BJ95rV","edit-time":1614591868602,":edit/user":{":user/uid":"8Nk1KVg1ozgxUxN0tYx5XNQAcbm2"}},{"string":"To: [[October 8th, 2018]]","create-time":1614591868828,":block/refs":[{":block/uid":"10-08-2018"}],"refs":[{"uid":"10-08-2018"}],":create/user":{":user/uid":"8Nk1KVg1ozgxUxN0tYx5XNQAcbm2"},"uid":"KYuqDvh9v","edit-time":1614591882109,":edit/user":{":user/uid":"8Nk1KVg1ozgxUxN0tYx5XNQAcbm2"}},{"string":"Payment: $3,118.50","create-time":1614591887159,"uid":"3mmyygZjT","edit-time":1614591897823,":create/user":{":user/uid":"8Nk1KVg1ozgxUxN0tYx5XNQAcbm2"},":edit/user":{":user/uid":"8Nk1KVg1ozgxUxN0tYx5XNQAcbm2"}},{"string":"Work: The identification, review and compilation of published cost-effectiveness analyses to be used in the development of a new feature for the WHO e-Library of Evidence for Nutrition Actions ([[eLENA]])","create-time":1614591910695,":block/refs":[{":block/uid":"wY_HAm1H-"}],"refs":[{"uid":"wY_HAm1H-"}],":create/user":{":user/uid":"8Nk1KVg1ozgxUxN0tYx5XNQAcbm2"},"uid":"10pf8MQBZ","edit-time":1614591956133,":edit/user":{":user/uid":"8Nk1KVg1ozgxUxN0tYx5XNQAcbm2"}}],"uid":"lcbm33Zrj","edit-time":1614591839301,":edit/user":{":user/uid":"8Nk1KVg1ozgxUxN0tYx5XNQAcbm2"}},{"string":"consultant (offsite)","create-time":1614592563028,":create/user":{":user/uid":"8Nk1KVg1ozgxUxN0tYx5XNQAcbm2"},"children":[{"string":"Purchase Order: ?","create-time":1614592566756,"uid":"ea7f7rPHa","edit-time":1614592570158,":create/user":{":user/uid":"8Nk1KVg1ozgxUxN0tYx5XNQAcbm2"},":edit/user":{":user/uid":"8Nk1KVg1ozgxUxN0tYx5XNQAcbm2"}},{"string":"From: 2017","create-time":1614592570148,"uid":"ZSaj7zfCw","edit-time":1614592573130,":create/user":{":user/uid":"8Nk1KVg1ozgxUxN0tYx5XNQAcbm2"},":edit/user":{":user/uid":"8Nk1KVg1ozgxUxN0tYx5XNQAcbm2"}},{"string":"To: 2017","create-time":1614592573122,"uid":"5C8zinymC","edit-time":1614592575166,":create/user":{":user/uid":"8Nk1KVg1ozgxUxN0tYx5XNQAcbm2"},":edit/user":{":user/uid":"8Nk1KVg1ozgxUxN0tYx5XNQAcbm2"}},{"string":"Payment: ?","create-time":1614592575249,"uid":"vKKk9PJH5","edit-time":1614592577696,":create/user":{":user/uid":"8Nk1KVg1ozgxUxN0tYx5XNQAcbm2"},":edit/user":{":user/uid":"8Nk1KVg1ozgxUxN0tYx5XNQAcbm2"}},{"string":"Work: Sugar sweetened beverage tax model","create-time":1614592577861,"uid":"tbUKCrvc5","edit-time":1614592585281,":create/user":{":user/uid":"8Nk1KVg1ozgxUxN0tYx5XNQAcbm2"},":edit/user":{":user/uid":"8Nk1KVg1ozgxUxN0tYx5XNQAcbm2"}}],"uid":"JVFEY2iJ-","edit-time":1614592566262,":edit/user":{":user/uid":"8Nk1KVg1ozgxUxN0tYx5XNQAcbm2"}}],"refs":[{"uid":"CfDQWDn3x"},{"uid":"jf_EgiMi-"}],"uid":"DOkTQKVm8",":block/refs":[{":block/uid":"CfDQWDn3x"},{":block/uid":"jf_EgiMi-"}],"string":"[[HQ - NMG - NHD]][[NPU]]",":create/user":{":user/uid":"8Nk1KVg1ozgxUxN0tYx5XNQAcbm2"},"create-time":1614590969453,":edit/user":{":user/uid":"8Nk1KVg1ozgxUxN0tYx5XNQAcbm2"}},{"edit-time":1615195475971,"children":[{"string":"consultant (offsite)","create-time":1614592500303,":create/user":{":user/uid":"8Nk1KVg1ozgxUxN0tYx5XNQAcbm2"},"children":[{"string":"Purchase Order: ?","create-time":1614592505631,"uid":"kg3QAFv1O","edit-time":1614592509190,":create/user":{":user/uid":"8Nk1KVg1ozgxUxN0tYx5XNQAcbm2"},":edit/user":{":user/uid":"8Nk1KVg1ozgxUxN0tYx5XNQAcbm2"}},{"string":"From: ?","create-time":1614592509184,"uid":"ShPZENuxk","edit-time":1614592530841,":create/user":{":user/uid":"8Nk1KVg1ozgxUxN0tYx5XNQAcbm2"},":edit/user":{":user/uid":"8Nk1KVg1ozgxUxN0tYx5XNQAcbm2"}},{"string":"To: ?","create-time":1614592530833,"uid":"tx4reYiPh","edit-time":1614592532343,":create/user":{":user/uid":"8Nk1KVg1ozgxUxN0tYx5XNQAcbm2"},":edit/user":{":user/uid":"8Nk1KVg1ozgxUxN0tYx5XNQAcbm2"}},{"string":"Payment: ?","create-time":1614592532337,"uid":"-KECW5_uQ","edit-time":1614592535911,":create/user":{":user/uid":"8Nk1KVg1ozgxUxN0tYx5XNQAcbm2"},":edit/user":{":user/uid":"8Nk1KVg1ozgxUxN0tYx5XNQAcbm2"}},{"string":"Work: RMNCH cost effectiveness analyses","create-time":1614592535905,"uid":"dT-_lEN7r","edit-time":1614592545543,":create/user":{":user/uid":"8Nk1KVg1ozgxUxN0tYx5XNQAcbm2"},":edit/user":{":user/uid":"8Nk1KVg1ozgxUxN0tYx5XNQAcbm2"}}],"uid":"u7e-7O63v","edit-time":1614592505374,":edit/user":{":user/uid":"8Nk1KVg1ozgxUxN0tYx5XNQAcbm2"}},{"string":"consultant (offsite)","create-time":1614591496563,":create/user":{":user/uid":"8Nk1KVg1ozgxUxN0tYx5XNQAcbm2"},"children":[{"string":"Purchase Order: 202423907","create-time":1614591501397,"uid":"HxUamH00w","edit-time":1614591513257,":create/user":{":user/uid":"8Nk1KVg1ozgxUxN0tYx5XNQAcbm2"},":edit/user":{":user/uid":"8Nk1KVg1ozgxUxN0tYx5XNQAcbm2"}},{"string":"From: [[October 30th, 2019]]","create-time":1614591513557,":block/refs":[{":block/uid":"10-30-2019"}],"refs":[{"uid":"10-30-2019"}],":create/user":{":user/uid":"8Nk1KVg1ozgxUxN0tYx5XNQAcbm2"},"uid":"zurJPeJbt","edit-time":1614591552462,":edit/user":{":user/uid":"8Nk1KVg1ozgxUxN0tYx5XNQAcbm2"}},{"string":"To: [[November 20th, 2019]]","create-time":1614591521589,":block/refs":[{":block/uid":"11-20-2019"}],"refs":[{"uid":"11-20-2019"}],":create/user":{":user/uid":"8Nk1KVg1ozgxUxN0tYx5XNQAcbm2"},"uid":"X2dAho9x6","edit-time":1614591579903,":edit/user":{":user/uid":"8Nk1KVg1ozgxUxN0tYx5XNQAcbm2"}},{"string":"Payment: $6,651","create-time":1614591523189,"uid":"MdLxpyfPv","edit-time":1614591531625,":create/user":{":user/uid":"8Nk1KVg1ozgxUxN0tYx5XNQAcbm2"},":edit/user":{":user/uid":"8Nk1KVg1ozgxUxN0tYx5XNQAcbm2"}},{"string":"Work: [[WHO World Vision Report]]","create-time":1614591525414,":block/refs":[{":block/uid":"K04oWCrd-"}],"refs":[{"uid":"K04oWCrd-"}],":create/user":{":user/uid":"8Nk1KVg1ozgxUxN0tYx5XNQAcbm2"},"uid":"tHAlxz197","edit-time":1614591599852,":edit/user":{":user/uid":"8Nk1KVg1ozgxUxN0tYx5XNQAcbm2"}}],"uid":"X6VlHaCYk","edit-time":1614591501424,":edit/user":{":user/uid":"8Nk1KVg1ozgxUxN0tYx5XNQAcbm2"}}],"refs":[{"uid":"EqBQKO-JD"},{"uid":"Ngypr_Hg0"}],"uid":"p-PpP-VR-",":block/refs":[{":block/uid":"EqBQKO-JD"},{":block/uid":"Ngypr_Hg0"}],"string":"[[HQ - HIS - HGF]] [[HGF EAE]]",":create/user":{":user/uid":"8Nk1KVg1ozgxUxN0tYx5XNQAcbm2"},"create-time":1614591033172,":edit/user":{":user/uid":"8Nk1KVg1ozgxUxN0tYx5XNQAcbm2"}}],"refs":[{"uid":"gXDWSRVO8"}],"uid":"ShUZpF_tD",":block/refs":[{":block/uid":"gXDWSRVO8"}],"string":"[[World Health Organization]]",":create/user":{":user/uid":"8Nk1KVg1ozgxUxN0tYx5XNQAcbm2"},"create-time":1614590880661,":edit/user":{":user/uid":"8Nk1KVg1ozgxUxN0tYx5XNQAcbm2"}},{"edit-time":1614759867654,"children":[{"edit-time":1614647559268,"children":[{"string":"position number: 700272, from [[February 10th, 2014]] to [[May 30th, 2019]]","create-time":1614646386823,":block/refs":[{":block/uid":"02-10-2014"},{":block/uid":"05-30-2019"}],"refs":[{"uid":"02-10-2014"},{"uid":"05-30-2019"}],":create/user":{":user/uid":"8Nk1KVg1ozgxUxN0tYx5XNQAcbm2"},"uid":"vKKADqK6Q","edit-time":1615195618796,":edit/user":{":user/uid":"8Nk1KVg1ozgxUxN0tYx5XNQAcbm2"}},{"string":"position number: 307283, from [[February 26th, 2018]] to [[December 31st, 2018]]","create-time":1614647700673,":block/refs":[{":block/uid":"02-26-2018"},{":block/uid":"12-31-2018"}],"refs":[{"uid":"02-26-2018"},{"uid":"12-31-2018"}],":create/user":{":user/uid":"8Nk1KVg1ozgxUxN0tYx5XNQAcbm2"},"uid":"jrtZ-iYSJ","edit-time":1615195621477,":edit/user":{":user/uid":"8Nk1KVg1ozgxUxN0tYx5XNQAcbm2"}},{"string":"position number: 312395, from [[July 7th, 2019]] to [[May 1st, 2021]]","create-time":1614648002704,":block/refs":[{":block/uid":"05-01-2021"},{":block/uid":"07-07-2019"}],"refs":[{"uid":"05-01-2021"},{"uid":"07-07-2019"}],":create/user":{":user/uid":"8Nk1KVg1ozgxUxN0tYx5XNQAcbm2"},"uid":"wOdlnEBeQ","edit-time":1615195611988,":edit/user":{":user/uid":"8Nk1KVg1ozgxUxN0tYx5XNQAcbm2"}}],"refs":[{"uid":"oqSZCT1jF"}],"uid":"tnX_TImL8",":block/refs":[{":block/uid":"oqSZCT1jF"}],"string":"[[casual teaching]]",":create/user":{":user/uid":"8Nk1KVg1ozgxUxN0tYx5XNQAcbm2"},"create-time":1614647559268,":edit/user":{":user/uid":"8Nk1KVg1ozgxUxN0tYx5XNQAcbm2"}},{"edit-time":1614647594772,"children":[{"string":"position number: 312727 from [[October 1st, 2017]] to [[October 1st, 2018]]","create-time":1614647544568,":block/refs":[{":block/uid":"10-01-2017"},{":block/uid":"10-01-2018"}],"refs":[{"uid":"10-01-2017"},{"uid":"10-01-2018"}],":create/user":{":user/uid":"8Nk1KVg1ozgxUxN0tYx5XNQAcbm2"},"uid":"4dJ4ZlwOC","edit-time":1615195657018,":edit/user":{":user/uid":"8Nk1KVg1ozgxUxN0tYx5XNQAcbm2"}}],"refs":[{"uid":"SQflus7us"}],"uid":"tyxbK5vaZ",":block/refs":[{":block/uid":"SQflus7us"}],"string":"[[research officer]]",":create/user":{":user/uid":"8Nk1KVg1ozgxUxN0tYx5XNQAcbm2"},"create-time":1614647534767,":edit/user":{":user/uid":"8Nk1KVg1ozgxUxN0tYx5XNQAcbm2"}},{"edit-time":1614647812842,"children":[{"string":"position number: 317385 from [[June 11th, 2018]] to [[December 11th, 2020]]","create-time":1614647813002,":block/refs":[{":block/uid":"12-11-2020"},{":block/uid":"06-11-2018"}],"refs":[{"uid":"12-11-2020"},{"uid":"06-11-2018"}],":create/user":{":user/uid":"8Nk1KVg1ozgxUxN0tYx5XNQAcbm2"},"uid":"71fl30OWf","edit-time":1615195686483,":edit/user":{":user/uid":"8Nk1KVg1ozgxUxN0tYx5XNQAcbm2"}}],"refs":[{"uid":"6bUJGB9Yn"}],"uid":"L1HXATelF",":block/refs":[{":block/uid":"6bUJGB9Yn"}],"string":"[[research associate]]",":create/user":{":user/uid":"8Nk1KVg1ozgxUxN0tYx5XNQAcbm2"},"create-time":1614647809160,":edit/user":{":user/uid":"8Nk1KVg1ozgxUxN0tYx5XNQAcbm2"}}],"refs":[{"uid":"HFGhVIR3E"}],"uid":"ZFMaGg_Jm",":block/refs":[{":block/uid":"HFGhVIR3E"}],"string":"[[The University of Western Australia]]",":create/user":{":user/uid":"8Nk1KVg1ozgxUxN0tYx5XNQAcbm2"},"create-time":1614591392419,":edit/user":{":user/uid":"8Nk1KVg1ozgxUxN0tYx5XNQAcbm2"}},{"edit-time":1615182011819,"children":[{"string":"FA MEL DAE","create-time":1614649068708,"uid":"yt0b27C5P","edit-time":1614649081519,":create/user":{":user/uid":"8Nk1KVg1ozgxUxN0tYx5XNQAcbm2"},":edit/user":{":user/uid":"8Nk1KVg1ozgxUxN0tYx5XNQAcbm2"}},{"string":"Health Economics & Social Policy","create-time":1614649091840,"uid":"5OLBrWN4D","edit-time":1614649098185,":create/user":{":user/uid":"8Nk1KVg1ozgxUxN0tYx5XNQAcbm2"},":edit/user":{":user/uid":"8Nk1KVg1ozgxUxN0tYx5XNQAcbm2"}},{"string":"Analyst","create-time":1614649082759,"uid":"kIoa3-SpF","edit-time":1614649087755,":create/user":{":user/uid":"8Nk1KVg1ozgxUxN0tYx5XNQAcbm2"},":edit/user":{":user/uid":"8Nk1KVg1ozgxUxN0tYx5XNQAcbm2"}},{"string":"from: [[May 1st, 2017]]","create-time":1614649334714,":block/refs":[{":block/uid":"05-01-2017"}],"refs":[{"uid":"05-01-2017"}],":create/user":{":user/uid":"8Nk1KVg1ozgxUxN0tYx5XNQAcbm2"},"uid":"hSsJ8i9GK","edit-time":1614649342800,":edit/user":{":user/uid":"8Nk1KVg1ozgxUxN0tYx5XNQAcbm2"}},{"string":"to: [[August 1st, 2017]]","create-time":1614649100128,":block/refs":[{":block/uid":"08-01-2017"}],"refs":[{"uid":"08-01-2017"}],":create/user":{":user/uid":"8Nk1KVg1ozgxUxN0tYx5XNQAcbm2"},"uid":"xCH_fpQ7l","edit-time":1614649339896,":edit/user":{":user/uid":"8Nk1KVg1ozgxUxN0tYx5XNQAcbm2"}}],"refs":[{"uid":"oqjsW9lJq"}],"uid":"uvEm4qD_6",":block/refs":[{":block/uid":"oqjsW9lJq"}],"string":"[[Deloitte Access Economics]]",":create/user":{":user/uid":"8Nk1KVg1ozgxUxN0tYx5XNQAcbm2"},"create-time":1614591395823,":edit/user":{":user/uid":"8Nk1KVg1ozgxUxN0tYx5XNQAcbm2"}},{"edit-time":1615182021973,"children":[{"string":"from: [[February 1st, 2007]]","create-time":1614591411923,":block/refs":[{":block/uid":"02-01-2007"}],"refs":[{"uid":"02-01-2007"}],":create/user":{":user/uid":"8Nk1KVg1ozgxUxN0tYx5XNQAcbm2"},"uid":"2b25Gbp6w","edit-time":1614649353594,":edit/user":{":user/uid":"8Nk1KVg1ozgxUxN0tYx5XNQAcbm2"}},{"string":"to: [[August 15th, 2015]]","create-time":1614649353571,":block/refs":[{":block/uid":"08-15-2015"}],"refs":[{"uid":"08-15-2015"}],":create/user":{":user/uid":"8Nk1KVg1ozgxUxN0tYx5XNQAcbm2"},"uid":"f8EfiWXKT","edit-time":1614649361474,":edit/user":{":user/uid":"8Nk1KVg1ozgxUxN0tYx5XNQAcbm2"}}],"refs":[{"uid":"1V4D5HK2Y"}],"uid":"LzaQ9HYae",":block/refs":[{":block/uid":"1V4D5HK2Y"}],"string":"[[The Lane Bookshop]]",":create/user":{":user/uid":"8Nk1KVg1ozgxUxN0tYx5XNQAcbm2"},"create-time":1614591407795,":edit/user":{":user/uid":"8Nk1KVg1ozgxUxN0tYx5XNQAcbm2"}}],"uid":"Qze1ULyfZ","edit-time":1614590305879,":edit/user":{":user/uid":"8Nk1KVg1ozgxUxN0tYx5XNQAcbm2"}},{"string":"publications","create-time":1614590305855,":create/user":{":user/uid":"8Nk1KVg1ozgxUxN0tYx5XNQAcbm2"},"children":[{"string":"journal articles","create-time":1614649898865,":create/user":{":user/uid":"8Nk1KVg1ozgxUxN0tYx5XNQAcbm2"},"children":[{"string":"[Screening and treating pre-operative anaemia and suboptimal iron stores in elective colorectal surgery: a cost effectiveness analysis](https://doi.org/10.1111/anae.15240)","create-time":1614650037315,"uid":"oDwptYS7q","edit-time":1614650101168,":create/user":{":user/uid":"8Nk1KVg1ozgxUxN0tYx5XNQAcbm2"},":edit/user":{":user/uid":"8Nk1KVg1ozgxUxN0tYx5XNQAcbm2"}},{"string":"[Associations of a Preoperative Anemia and Suboptimal Iron Stores Screening and Management Clinic in Colorectal Surgery With Hospital Cost, Reimbursement, and Length of Stay: A Net Cost Analysis](https://doi.org/10.1213/ANE.0000000000005241)","create-time":1614650048360,"uid":"aiXxO3IhE","edit-time":1614650135265,":create/user":{":user/uid":"8Nk1KVg1ozgxUxN0tYx5XNQAcbm2"},":edit/user":{":user/uid":"8Nk1KVg1ozgxUxN0tYx5XNQAcbm2"}},{"string":"[No Two Workforces are the Same: A Systematic Review of the Enumerations and Defnitions of Public Health Workforces](https://doi.org/10.3389/fpubh.2020.588092)","create-time":1614650136582,"uid":"WEi9Du2eo","edit-time":1614650153600,":create/user":{":user/uid":"8Nk1KVg1ozgxUxN0tYx5XNQAcbm2"},":edit/user":{":user/uid":"8Nk1KVg1ozgxUxN0tYx5XNQAcbm2"}},{"string":"[Rapid response: Re: The burning building - Workforce redeployment to address economic and health threats from COVID-19](https://www.bmj.com/content/368/bmj.m1101/rr-9)","create-time":1614650154198,"uid":"Uzl-OY6ZY","edit-time":1614650175976,":create/user":{":user/uid":"8Nk1KVg1ozgxUxN0tYx5XNQAcbm2"},":edit/user":{":user/uid":"8Nk1KVg1ozgxUxN0tYx5XNQAcbm2"}},{"string":"[Who comes when the world goes Code Blue? A novel method of exploring job advertisements for COVID-19 in health care](https://doi.org/10.1002/nop2.721)","create-time":1614650176648,"uid":"5-dFKKlCb","edit-time":1614650188693,":create/user":{":user/uid":"8Nk1KVg1ozgxUxN0tYx5XNQAcbm2"},":edit/user":{":user/uid":"8Nk1KVg1ozgxUxN0tYx5XNQAcbm2"}},{"string":"[Public health job advertisements in Australia and New Zealand: a changing landscape](https://doi.org/10.1111/1753-6405.12931)","create-time":1614650189175,"uid":"kBeWxQ3Eu","edit-time":1614650199273,":create/user":{":user/uid":"8Nk1KVg1ozgxUxN0tYx5XNQAcbm2"},":edit/user":{":user/uid":"8Nk1KVg1ozgxUxN0tYx5XNQAcbm2"}},{"string":"[Use of Checklists in Reviews of Health Economic Evaluations, 2010 to 2018](https://doi.org/10.1016/j.jval.2018.10.006)","create-time":1614650199419,"uid":"2PRXrRqSt","edit-time":1614650212453,":create/user":{":user/uid":"8Nk1KVg1ozgxUxN0tYx5XNQAcbm2"},":edit/user":{":user/uid":"8Nk1KVg1ozgxUxN0tYx5XNQAcbm2"}},{"string":"[Disease control programme support costs: An update of WHO-CHOICE methodology, price databases and quantity assumptions](https://doi.org/10.1186/s12962-017-0083-6)","create-time":1614650213987,"uid":"jajOMcPoN","edit-time":1614650231136,":create/user":{":user/uid":"8Nk1KVg1ozgxUxN0tYx5XNQAcbm2"},":edit/user":{":user/uid":"8Nk1KVg1ozgxUxN0tYx5XNQAcbm2"}},{"string":"[Economic Evaluations of Pathology Tests, 2010-2015: A Scoping Review](https://doi.org/10.1016/j.jval.2017.04.023)","create-time":1614650231720,"uid":"YFG6cRq14","edit-time":1614650242654,":create/user":{":user/uid":"8Nk1KVg1ozgxUxN0tYx5XNQAcbm2"},":edit/user":{":user/uid":"8Nk1KVg1ozgxUxN0tYx5XNQAcbm2"}},{"string":"[Intrauterine Candida albicans Infection Causes Systemic Fetal Candidiasis with Progressive Cardiac Dysfunction in a Sheep Model of Early Pregnancy](https://doi.org/10.1177/1933719116649697)","create-time":1614650243168,"uid":"f1FbK6lbd","edit-time":1614650253209,":create/user":{":user/uid":"8Nk1KVg1ozgxUxN0tYx5XNQAcbm2"},":edit/user":{":user/uid":"8Nk1KVg1ozgxUxN0tYx5XNQAcbm2"}},{"string":"[T cell cytokine responses to stimulation with Ureaplasma parvum in pregnancy](https://doi.org/10.1016/j.jri.2016.03.002)","create-time":1614650253657,"uid":"sIbCmhVFd","edit-time":1614650267809,":create/user":{":user/uid":"8Nk1KVg1ozgxUxN0tYx5XNQAcbm2"},":edit/user":{":user/uid":"8Nk1KVg1ozgxUxN0tYx5XNQAcbm2"}},{"string":"[Ureaplasma parvum genotype, combined vaginal colonisation with Candida albicans, and spontaneous preterm birth in an Australian cohort of pregnant women](https://doi.org/10.1186/s12884-016-1110-x)","create-time":1614650267927,"uid":"qHWsYYZYj","edit-time":1614650281745,":create/user":{":user/uid":"8Nk1KVg1ozgxUxN0tYx5XNQAcbm2"},":edit/user":{":user/uid":"8Nk1KVg1ozgxUxN0tYx5XNQAcbm2"}},{"string":"[Whole blood flow cytometric analysis of Ureaplasma-stimulated monocytes from pregnant women](https://doi.org/10.1016/j.jri.2014.12.008)","create-time":1614650282105,"uid":"hOHdP8ldV","edit-time":1614650293850,":create/user":{":user/uid":"8Nk1KVg1ozgxUxN0tYx5XNQAcbm2"},":edit/user":{":user/uid":"8Nk1KVg1ozgxUxN0tYx5XNQAcbm2"}},{"string":"[Maternal intravenous treatment with either azithromycin or solithromycin clears Ureaplasma parvum from the amniotic fluid in an ovine model of intrauterine infection](https://doi.org/10.1128/AAC.03187-14)","create-time":1614650335003,"uid":"fLiFADs4g","edit-time":1614650363921,":create/user":{":user/uid":"8Nk1KVg1ozgxUxN0tYx5XNQAcbm2"},":edit/user":{":user/uid":"8Nk1KVg1ozgxUxN0tYx5XNQAcbm2"}},{"string":"[Repeated maternal intramuscular or intraamniotic erythromycin incompletely resolves intrauterine Ureaplasma parvum infection in a sheep model of pregnancy](https://doi.org/10.1016/j.ajog.2014.02.025)","create-time":1614650340953,"uid":"s0fRPMzwm","edit-time":1614650353545,":create/user":{":user/uid":"8Nk1KVg1ozgxUxN0tYx5XNQAcbm2"},":edit/user":{":user/uid":"8Nk1KVg1ozgxUxN0tYx5XNQAcbm2"}}],"uid":"Q2rNkFrwh","edit-time":1614650037340,":edit/user":{":user/uid":"8Nk1KVg1ozgxUxN0tYx5XNQAcbm2"}},{"string":"conference paper","create-time":1614650299261,":create/user":{":user/uid":"8Nk1KVg1ozgxUxN0tYx5XNQAcbm2"},"children":[{"string":"[Maternal-amniotic-fetal azithromycin pharmacokinetics in a sheep model of second trimester pregnancy](https://research-repository.uwa.edu.au/en/publications/maternal-amniotic-fetal-azithromycin-pharmacokinetics-in-a-sheep-)","create-time":1614650303207,"uid":"7AFeTG02n","edit-time":1614650311756,":create/user":{":user/uid":"8Nk1KVg1ozgxUxN0tYx5XNQAcbm2"},":edit/user":{":user/uid":"8Nk1KVg1ozgxUxN0tYx5XNQAcbm2"}},{"string":"[Maternal intravenous treatment with either azithromycin or solithromycin clears Ureaplasma from the amniotic fluid in an ovine model of intrauterine infection](https://research-repository.uwa.edu.au/en/publications/maternal-intravenous-treatment-with-either-azithromycin-or-solith-2)","create-time":1614650313738,"uid":"u0D3ti87A","edit-time":1614650326600,":create/user":{":user/uid":"8Nk1KVg1ozgxUxN0tYx5XNQAcbm2"},":edit/user":{":user/uid":"8Nk1KVg1ozgxUxN0tYx5XNQAcbm2"}}],"uid":"_hz-LBJzN","edit-time":1614650303229,":edit/user":{":user/uid":"8Nk1KVg1ozgxUxN0tYx5XNQAcbm2"}},{"string":"reports and monographs","create-time":1614650327707,":create/user":{":user/uid":"8Nk1KVg1ozgxUxN0tYx5XNQAcbm2"},"children":[{"string":"World Health Organization. Tackling NCD’s: ‘Best Buys’ and other recommended interventions for the prevention and control of\nnoncommunicable diseases","create-time":1614650420649,"uid":"-bSm1K_7B","edit-time":1615192923814,":create/user":{":user/uid":"8Nk1KVg1ozgxUxN0tYx5XNQAcbm2"},":edit/user":{":user/uid":"8Nk1KVg1ozgxUxN0tYx5XNQAcbm2"}},{"string":"U.S. National Cancer Institute and World Health Organization. The Economics of Tobacco and Tobacco Control. Bethesda, MD; 2016","create-time":1614650459069,":create/user":{":user/uid":"8Nk1KVg1ozgxUxN0tYx5XNQAcbm2"},"children":[{"string":"Provided analysis and graphics for: Chapter 17,\nFigure 17.2 – Cost effectiveness of tobacco policy interventions","create-time":1614650480778,"uid":"yN8h6yEmU","edit-time":1614650486118,":create/user":{":user/uid":"8Nk1KVg1ozgxUxN0tYx5XNQAcbm2"},":edit/user":{":user/uid":"8Nk1KVg1ozgxUxN0tYx5XNQAcbm2"}}],"uid":"rFktl7S6m","edit-time":1614650504402,":edit/user":{":user/uid":"8Nk1KVg1ozgxUxN0tYx5XNQAcbm2"}},{"string":"[World Health Organization. Global action plan for the prevention and control of noncommunicable diseases 2013-2020]","create-time":1614650486779,":create/user":{":user/uid":"8Nk1KVg1ozgxUxN0tYx5XNQAcbm2"},"children":[{"string":"An author for Updated Appendix 3","create-time":1614650525357,"uid":"qq7KpB3nW","edit-time":1614650534950,":create/user":{":user/uid":"8Nk1KVg1ozgxUxN0tYx5XNQAcbm2"},":edit/user":{":user/uid":"8Nk1KVg1ozgxUxN0tYx5XNQAcbm2"}}],"uid":"oDNqM7ZmY","edit-time":1615192930593,":edit/user":{":user/uid":"8Nk1KVg1ozgxUxN0tYx5XNQAcbm2"}}],"uid":"SX9vEil4L","edit-time":1614650420671,":edit/user":{":user/uid":"8Nk1KVg1ozgxUxN0tYx5XNQAcbm2"}},{"string":"theses","create-time":1614650604375,":create/user":{":user/uid":"8Nk1KVg1ozgxUxN0tYx5XNQAcbm2"},"children":[{"string":"[[Thesis - The relationship between public health education and public health occupations in Australia]]","create-time":1614663323785,":block/refs":[{":block/uid":"eCyDLq3tW"}],"refs":[{"uid":"eCyDLq3tW"}],":create/user":{":user/uid":"8Nk1KVg1ozgxUxN0tYx5XNQAcbm2"},"uid":"Gt_KM28s6","edit-time":1614762270139,":edit/user":{":user/uid":"8Nk1KVg1ozgxUxN0tYx5XNQAcbm2"}},{"string":"The University of Western Australia, School of\nPopulation and Global Health: Pathology testing: scope and assessments of\nquality in economic evaluations (First Class Honours)","create-time":1614650606507,"uid":"vxLjgOcrv","edit-time":1614650614715,":create/user":{":user/uid":"8Nk1KVg1ozgxUxN0tYx5XNQAcbm2"},":edit/user":{":user/uid":"8Nk1KVg1ozgxUxN0tYx5XNQAcbm2"}},{"string":"The University of Western Australia, School of Women’s and Infant’s Health: Asymptomatic vaginal colonisation with Ureaplasma spp. During pregnancy: Is there an association with an increased risk of preterm birth? (First Class Honours)","create-time":1614650615188,"uid":"WzrgBdqwB","edit-time":1614650628108,":create/user":{":user/uid":"8Nk1KVg1ozgxUxN0tYx5XNQAcbm2"},":edit/user":{":user/uid":"8Nk1KVg1ozgxUxN0tYx5XNQAcbm2"}}],"uid":"nz8UoQ0uZ","edit-time":1614650606531,":edit/user":{":user/uid":"8Nk1KVg1ozgxUxN0tYx5XNQAcbm2"}}],"uid":"bAI6C0AO5","edit-time":1614590312857,":edit/user":{":user/uid":"8Nk1KVg1ozgxUxN0tYx5XNQAcbm2"}},{"string":"teaching","create-time":1614590296267,":create/user":{":user/uid":"8Nk1KVg1ozgxUxN0tYx5XNQAcbm2"},"children":[{"string":"regular appointments","create-time":1614650641327,":create/user":{":user/uid":"8Nk1KVg1ozgxUxN0tYx5XNQAcbm2"},"children":[{"edit-time":1614759867654,"children":[{"edit-time":1614650811807,"children":[{"string":"Taught classes about health financing, ethics, and appraising health systems in 2019, 2020, 2021","create-time":1614650650908,"uid":"nSIlu3kks","edit-time":1614650832156,":create/user":{":user/uid":"8Nk1KVg1ozgxUxN0tYx5XNQAcbm2"},":edit/user":{":user/uid":"8Nk1KVg1ozgxUxN0tYx5XNQAcbm2"}}],"refs":[{"uid":"gPmSJZBQ9"}],"uid":"UX_WA8evj",":block/refs":[{":block/uid":"gPmSJZBQ9"}],"string":"[[PUBH5752 Health Systems and Economics]]",":create/user":{":user/uid":"8Nk1KVg1ozgxUxN0tYx5XNQAcbm2"},"create-time":1614650644188,":edit/user":{":user/uid":"8Nk1KVg1ozgxUxN0tYx5XNQAcbm2"}},{"edit-time":1614650810569,"children":[{"string":"Taught classes about health financing, ethics, and appraising health systems in 2019, 2020","create-time":1614650677676,"uid":"g66g6ECuj","edit-time":1614650836587,":create/user":{":user/uid":"8Nk1KVg1ozgxUxN0tYx5XNQAcbm2"},":edit/user":{":user/uid":"8Nk1KVg1ozgxUxN0tYx5XNQAcbm2"}}],"refs":[{"uid":"bLc_QmYN5"}],"uid":"yEBzTrREe",":block/refs":[{":block/uid":"bLc_QmYN5"}],"string":"[[PUBH3307 - Health Systems and Policy]] ",":create/user":{":user/uid":"8Nk1KVg1ozgxUxN0tYx5XNQAcbm2"},"create-time":1614650669354,":edit/user":{":user/uid":"8Nk1KVg1ozgxUxN0tYx5XNQAcbm2"}},{"edit-time":1614650858780,"children":[{"string":"Taught classes on sensitivity analyses, interpreting cost-effective results, and quality appraisal in 2017, 2019","create-time":1614650882303,"uid":"F7YubfHKB","edit-time":1614650944091,":create/user":{":user/uid":"8Nk1KVg1ozgxUxN0tYx5XNQAcbm2"},":edit/user":{":user/uid":"8Nk1KVg1ozgxUxN0tYx5XNQAcbm2"}}],"refs":[{"uid":"oJVSBzFly"}],"uid":"aWrQyW3mT",":block/refs":[{":block/uid":"oJVSBzFly"}],"string":"[[PUBH5801 - Economic Evaluation of Health Care]]",":create/user":{":user/uid":"8Nk1KVg1ozgxUxN0tYx5XNQAcbm2"},"create-time":1614650815517,":edit/user":{":user/uid":"8Nk1KVg1ozgxUxN0tYx5XNQAcbm2"}},{"string":"Bachelor of Science, Medical Sciences Major","create-time":1614650901309,":create/user":{":user/uid":"8Nk1KVg1ozgxUxN0tYx5XNQAcbm2"},"children":[{"string":"Taught classes about health systems, pathology in 2016, 2017, 2018","create-time":1614650922317,"uid":"7y10OUdk-","edit-time":1614650953852,":create/user":{":user/uid":"8Nk1KVg1ozgxUxN0tYx5XNQAcbm2"},":edit/user":{":user/uid":"8Nk1KVg1ozgxUxN0tYx5XNQAcbm2"}}],"uid":"0Qpe7K2mn","edit-time":1614650920022,":edit/user":{":user/uid":"8Nk1KVg1ozgxUxN0tYx5XNQAcbm2"}},{"string":"Doctor of Medicine","create-time":1614650930102,":create/user":{":user/uid":"8Nk1KVg1ozgxUxN0tYx5XNQAcbm2"},"children":[{"string":"Taught classes about health systems, economics, ethics, epidemiology from 2014 - 2018","create-time":1614650957292,"uid":"BleLBg5NQ","edit-time":1614650979731,":create/user":{":user/uid":"8Nk1KVg1ozgxUxN0tYx5XNQAcbm2"},":edit/user":{":user/uid":"8Nk1KVg1ozgxUxN0tYx5XNQAcbm2"}}],"uid":"M3p8J8yL3","edit-time":1614650957314,":edit/user":{":user/uid":"8Nk1KVg1ozgxUxN0tYx5XNQAcbm2"}}],"refs":[{"uid":"HFGhVIR3E"}],"uid":"G-mtgdCnI",":block/refs":[{":block/uid":"HFGhVIR3E"}],"string":"[[The University of Western Australia]]",":create/user":{":user/uid":"8Nk1KVg1ozgxUxN0tYx5XNQAcbm2"},"create-time":1614650698635,":edit/user":{":user/uid":"8Nk1KVg1ozgxUxN0tYx5XNQAcbm2"}}],"uid":"1hpXoyF8-","edit-time":1614650996483,":edit/user":{":user/uid":"8Nk1KVg1ozgxUxN0tYx5XNQAcbm2"}},{"string":"presentations, invited lectures","create-time":1614650998285,":create/user":{":user/uid":"8Nk1KVg1ozgxUxN0tYx5XNQAcbm2"},"children":[{"edit-time":1614759867654,"children":[{"string":"health system reform","create-time":1614651016075,":create/user":{":user/uid":"8Nk1KVg1ozgxUxN0tYx5XNQAcbm2"},"children":[{"string":"2019","create-time":1614662785424,"uid":"4cjolHzdh","edit-time":1614662787047,":create/user":{":user/uid":"8Nk1KVg1ozgxUxN0tYx5XNQAcbm2"},":edit/user":{":user/uid":"8Nk1KVg1ozgxUxN0tYx5XNQAcbm2"}},{"string":"Master of Public Health","create-time":1614662787372,"uid":"HKg_2b7VS","edit-time":1614662794470,":create/user":{":user/uid":"8Nk1KVg1ozgxUxN0tYx5XNQAcbm2"},":edit/user":{":user/uid":"8Nk1KVg1ozgxUxN0tYx5XNQAcbm2"}}],"uid":"5rS2cXYyf","edit-time":1614662800607,":edit/user":{":user/uid":"8Nk1KVg1ozgxUxN0tYx5XNQAcbm2"}},{"string":"selected topics in global health","create-time":1614651047214,":create/user":{":user/uid":"8Nk1KVg1ozgxUxN0tYx5XNQAcbm2"},"children":[{"string":"2019","create-time":1614662807346,"uid":"ILyNQTNpE","edit-time":1614662811941,":create/user":{":user/uid":"8Nk1KVg1ozgxUxN0tYx5XNQAcbm2"},":edit/user":{":user/uid":"8Nk1KVg1ozgxUxN0tYx5XNQAcbm2"}},{"string":"Doctor of Medicine","create-time":1614662811915,"uid":"7K4uh6JzN","edit-time":1614662815307,":create/user":{":user/uid":"8Nk1KVg1ozgxUxN0tYx5XNQAcbm2"},":edit/user":{":user/uid":"8Nk1KVg1ozgxUxN0tYx5XNQAcbm2"}}],"uid":"5VfZpqbNS","edit-time":1614662825836,":edit/user":{":user/uid":"8Nk1KVg1ozgxUxN0tYx5XNQAcbm2"}},{"string":"project management","create-time":1614651072686,":create/user":{":user/uid":"8Nk1KVg1ozgxUxN0tYx5XNQAcbm2"},"children":[{"string":"2019 - 2021","create-time":1614662835184,"uid":"L3k2h4a1D","edit-time":1614662837938,":create/user":{":user/uid":"8Nk1KVg1ozgxUxN0tYx5XNQAcbm2"},":edit/user":{":user/uid":"8Nk1KVg1ozgxUxN0tYx5XNQAcbm2"}},{"string":"Honours, school of population and global health","create-time":1614662847377,"uid":"_HzuKQEZQ","edit-time":1614662862132,":create/user":{":user/uid":"8Nk1KVg1ozgxUxN0tYx5XNQAcbm2"},":edit/user":{":user/uid":"8Nk1KVg1ozgxUxN0tYx5XNQAcbm2"}}],"uid":"m2iLSPuWO","edit-time":1614662865286,":edit/user":{":user/uid":"8Nk1KVg1ozgxUxN0tYx5XNQAcbm2"}},{"string":"working in public health","create-time":1614651102861,":create/user":{":user/uid":"8Nk1KVg1ozgxUxN0tYx5XNQAcbm2"},"children":[{"string":"2019 - 2021","create-time":1614662869428,"uid":"SNXO3vE85","edit-time":1614662874016,":create/user":{":user/uid":"8Nk1KVg1ozgxUxN0tYx5XNQAcbm2"},":edit/user":{":user/uid":"8Nk1KVg1ozgxUxN0tYx5XNQAcbm2"}},{"string":"Master of Public Health","create-time":1614662881364,"uid":"jnsxXU8ny","edit-time":1614662891981,":create/user":{":user/uid":"8Nk1KVg1ozgxUxN0tYx5XNQAcbm2"},":edit/user":{":user/uid":"8Nk1KVg1ozgxUxN0tYx5XNQAcbm2"}}],"uid":"6oNHJT1Es","edit-time":1614662880396,":edit/user":{":user/uid":"8Nk1KVg1ozgxUxN0tYx5XNQAcbm2"}},{"string":"Careers in Public Health","create-time":1614651334079,":create/user":{":user/uid":"8Nk1KVg1ozgxUxN0tYx5XNQAcbm2"},"children":[{"string":"2019","create-time":1614662902195,"uid":"2Tgvry9O7","edit-time":1614662903785,":create/user":{":user/uid":"8Nk1KVg1ozgxUxN0tYx5XNQAcbm2"},":edit/user":{":user/uid":"8Nk1KVg1ozgxUxN0tYx5XNQAcbm2"}},{"string":"school of population and global health, information evening","create-time":1614662903762,"uid":"hWT8WZEK6","edit-time":1614662928072,":create/user":{":user/uid":"8Nk1KVg1ozgxUxN0tYx5XNQAcbm2"},":edit/user":{":user/uid":"8Nk1KVg1ozgxUxN0tYx5XNQAcbm2"}}],"uid":"mIB3el24E","edit-time":1614662923660,":edit/user":{":user/uid":"8Nk1KVg1ozgxUxN0tYx5XNQAcbm2"}},{"string":"Job Advertisements in Australia: A Changing Landscape","create-time":1614662950165,":create/user":{":user/uid":"8Nk1KVg1ozgxUxN0tYx5XNQAcbm2"},"children":[{"string":"2019","create-time":1614662953981,"uid":"nb1Soknzk","edit-time":1614662953981,":create/user":{":user/uid":"8Nk1KVg1ozgxUxN0tYx5XNQAcbm2"},":edit/user":{":user/uid":"8Nk1KVg1ozgxUxN0tYx5XNQAcbm2"}},{"string":"school of population and global health","create-time":1614651487165,"uid":"Ib-j0wYzG","edit-time":1614662966916,":create/user":{":user/uid":"8Nk1KVg1ozgxUxN0tYx5XNQAcbm2"},":edit/user":{":user/uid":"8Nk1KVg1ozgxUxN0tYx5XNQAcbm2"}}],"uid":"rsnNA7_Gb","edit-time":1614662950165,":edit/user":{":user/uid":"8Nk1KVg1ozgxUxN0tYx5XNQAcbm2"}},{"string":"Does asymptomatic vaginal colonisation by both Ureaplasma spp. and Candida spp. result in an increased risk of preterm birth?","create-time":1614651512076,":create/user":{":user/uid":"8Nk1KVg1ozgxUxN0tYx5XNQAcbm2"},"children":[{"string":"2013","create-time":1614662976102,"uid":"Chq-ySxYX","edit-time":1614662977770,":create/user":{":user/uid":"8Nk1KVg1ozgxUxN0tYx5XNQAcbm2"},":edit/user":{":user/uid":"8Nk1KVg1ozgxUxN0tYx5XNQAcbm2"}},{"string":"School of Women's and Infants' Health","create-time":1614662977747,"uid":"_afe5ksq8","edit-time":1614663006839,":create/user":{":user/uid":"8Nk1KVg1ozgxUxN0tYx5XNQAcbm2"},":edit/user":{":user/uid":"8Nk1KVg1ozgxUxN0tYx5XNQAcbm2"}}],"uid":"Yu4rGWHie","edit-time":1614662976124,":edit/user":{":user/uid":"8Nk1KVg1ozgxUxN0tYx5XNQAcbm2"}}],"refs":[{"uid":"HFGhVIR3E"}],"uid":"wTNZhfatw",":block/refs":[{":block/uid":"HFGhVIR3E"}],"string":"[[The University of Western Australia]]",":create/user":{":user/uid":"8Nk1KVg1ozgxUxN0tYx5XNQAcbm2"},"create-time":1614651005117,":edit/user":{":user/uid":"8Nk1KVg1ozgxUxN0tYx5XNQAcbm2"}},{"edit-time":1614651311821,"children":[{"string":"Careers in Public Health","create-time":1614663071825,":create/user":{":user/uid":"8Nk1KVg1ozgxUxN0tYx5XNQAcbm2"},"children":[{"string":"2019","create-time":1614663074544,"uid":"g41N15l31","edit-time":1614663074544,":create/user":{":user/uid":"8Nk1KVg1ozgxUxN0tYx5XNQAcbm2"},":edit/user":{":user/uid":"8Nk1KVg1ozgxUxN0tYx5XNQAcbm2"}},{"string":"WA Branch","create-time":1614651267342,"uid":"bMh4it9Y6","edit-time":1614663075961,":create/user":{":user/uid":"8Nk1KVg1ozgxUxN0tYx5XNQAcbm2"},":edit/user":{":user/uid":"8Nk1KVg1ozgxUxN0tYx5XNQAcbm2"}}],"uid":"fLcz9dsRW","edit-time":1614663071825,":edit/user":{":user/uid":"8Nk1KVg1ozgxUxN0tYx5XNQAcbm2"}},{"string":"Careers in Public Health","create-time":1614663079345,":create/user":{":user/uid":"8Nk1KVg1ozgxUxN0tYx5XNQAcbm2"},"children":[{"string":"2019","create-time":1614663081677,"uid":"88odyDVOY","edit-time":1614663081677,":create/user":{":user/uid":"8Nk1KVg1ozgxUxN0tYx5XNQAcbm2"},":edit/user":{":user/uid":"8Nk1KVg1ozgxUxN0tYx5XNQAcbm2"}},{"string":"ACT Branch","create-time":1614651315374,"uid":"wzJRN-3Fk","edit-time":1614663081703,":create/user":{":user/uid":"8Nk1KVg1ozgxUxN0tYx5XNQAcbm2"},":edit/user":{":user/uid":"8Nk1KVg1ozgxUxN0tYx5XNQAcbm2"}}],"uid":"JA-tR8SuZ","edit-time":1614663079345,":edit/user":{":user/uid":"8Nk1KVg1ozgxUxN0tYx5XNQAcbm2"}}],"refs":[{"uid":"WB-WjakFv"}],"uid":"kYGNsu_iq",":block/refs":[{":block/uid":"WB-WjakFv"}],"string":"[[PHAA]]",":create/user":{":user/uid":"8Nk1KVg1ozgxUxN0tYx5XNQAcbm2"},"create-time":1614651258432,":edit/user":{":user/uid":"8Nk1KVg1ozgxUxN0tYx5XNQAcbm2"}},{"edit-time":1614651284782,"children":[{"string":"Careers in Public Health","create-time":1614663086898,"uid":"m2nEle0Ot","edit-time":1614663086898,":create/user":{":user/uid":"8Nk1KVg1ozgxUxN0tYx5XNQAcbm2"},":edit/user":{":user/uid":"8Nk1KVg1ozgxUxN0tYx5XNQAcbm2"}},{"string":"2019","create-time":1614651284764,"uid":"W-HTAyslf","edit-time":1614663086921,":create/user":{":user/uid":"8Nk1KVg1ozgxUxN0tYx5XNQAcbm2"},":edit/user":{":user/uid":"8Nk1KVg1ozgxUxN0tYx5XNQAcbm2"}}],"refs":[{"uid":"mQETBV5Ow"}],"uid":"pLgkx9YE2",":block/refs":[{":block/uid":"mQETBV5Ow"}],"string":"[[Torrens University]]",":create/user":{":user/uid":"8Nk1KVg1ozgxUxN0tYx5XNQAcbm2"},"create-time":1614651276893,":edit/user":{":user/uid":"8Nk1KVg1ozgxUxN0tYx5XNQAcbm2"}},{"edit-time":1614651372240,"children":[{"string":"How Are MPH Graduates Absorbed into the Labour Market in Australia? ","create-time":1614663092003,":create/user":{":user/uid":"8Nk1KVg1ozgxUxN0tYx5XNQAcbm2"},"children":[{"string":"2019","create-time":1614663095040,"uid":"xLh12o9S2","edit-time":1614663095040,":create/user":{":user/uid":"8Nk1KVg1ozgxUxN0tYx5XNQAcbm2"},":edit/user":{":user/uid":"8Nk1KVg1ozgxUxN0tYx5XNQAcbm2"}},{"string":"Basel, Switzerland","create-time":1614651389774,"uid":"R9mRClaTG","edit-time":1614663098281,":create/user":{":user/uid":"8Nk1KVg1ozgxUxN0tYx5XNQAcbm2"},":edit/user":{":user/uid":"8Nk1KVg1ozgxUxN0tYx5XNQAcbm2"}}],"uid":"1umQiXWLA","edit-time":1614663113646,":edit/user":{":user/uid":"8Nk1KVg1ozgxUxN0tYx5XNQAcbm2"}},{"string":"Public Health Jobs: What Are They and Where Have They Gone?","create-time":1614651410207,":create/user":{":user/uid":"8Nk1KVg1ozgxUxN0tYx5XNQAcbm2"},"children":[{"string":"2019","create-time":1614663100088,"uid":"bV06CDaVa","edit-time":1614663101391,":create/user":{":user/uid":"8Nk1KVg1ozgxUxN0tYx5XNQAcbm2"},":edit/user":{":user/uid":"8Nk1KVg1ozgxUxN0tYx5XNQAcbm2"}},{"string":"Basel, Switzerland","create-time":1614663101369,"uid":"qwGBIF3HJ","edit-time":1614663104265,":create/user":{":user/uid":"8Nk1KVg1ozgxUxN0tYx5XNQAcbm2"},":edit/user":{":user/uid":"8Nk1KVg1ozgxUxN0tYx5XNQAcbm2"}}],"uid":"NSLYU2F5l","edit-time":1614663110953,":edit/user":{":user/uid":"8Nk1KVg1ozgxUxN0tYx5XNQAcbm2"}}],"refs":[{"uid":"0oTwHyyLE"}],"uid":"LkEnDnBnS",":block/refs":[{":block/uid":"0oTwHyyLE"}],"string":"[[iHEA]]",":create/user":{":user/uid":"8Nk1KVg1ozgxUxN0tYx5XNQAcbm2"},"create-time":1614651364096,":edit/user":{":user/uid":"8Nk1KVg1ozgxUxN0tYx5XNQAcbm2"}},{"edit-time":1614651445679,"children":[{"string":"Outcomes of International Public Health Students in Australia","create-time":1614663166920,":create/user":{":user/uid":"8Nk1KVg1ozgxUxN0tYx5XNQAcbm2"},"children":[{"string":"2019","create-time":1614663168884,"uid":"Iheq_h8FJ","edit-time":1614663168884,":create/user":{":user/uid":"8Nk1KVg1ozgxUxN0tYx5XNQAcbm2"},":edit/user":{":user/uid":"8Nk1KVg1ozgxUxN0tYx5XNQAcbm2"}},{"string":"[[CAPHIA Teaching and Learning Forum]]","create-time":1614651448527,":block/refs":[{":block/uid":"mlM97pBml"}],"refs":[{"uid":"mlM97pBml"}],":create/user":{":user/uid":"8Nk1KVg1ozgxUxN0tYx5XNQAcbm2"},"uid":"ZMtVwT4Q3","edit-time":1614663173163,":edit/user":{":user/uid":"8Nk1KVg1ozgxUxN0tYx5XNQAcbm2"}}],"uid":"jUfP1X3nb","edit-time":1614663166920,":edit/user":{":user/uid":"8Nk1KVg1ozgxUxN0tYx5XNQAcbm2"}},{"string":"The trade-off between educational mismatch, and occupational variance","create-time":1614663035810,":create/user":{":user/uid":"8Nk1KVg1ozgxUxN0tYx5XNQAcbm2"},"children":[{"string":"2019","create-time":1614663063438,"uid":"RHctubXvN","edit-time":1614663065104,":create/user":{":user/uid":"8Nk1KVg1ozgxUxN0tYx5XNQAcbm2"},":edit/user":{":user/uid":"8Nk1KVg1ozgxUxN0tYx5XNQAcbm2"}},{"string":"CAPHIA annual general meeting, Canberra","create-time":1614663065079,"uid":"XxY8pzvrB","edit-time":1614663176756,":create/user":{":user/uid":"8Nk1KVg1ozgxUxN0tYx5XNQAcbm2"},":edit/user":{":user/uid":"8Nk1KVg1ozgxUxN0tYx5XNQAcbm2"}}],"uid":"8q5BRiXzT","edit-time":1614663060880,":edit/user":{":user/uid":"8Nk1KVg1ozgxUxN0tYx5XNQAcbm2"}}],"refs":[{"uid":"kTAxGTLi4"}],"uid":"diSypzm0l",":block/refs":[{":block/uid":"kTAxGTLi4"}],"string":"[[CAPHIA]]",":create/user":{":user/uid":"8Nk1KVg1ozgxUxN0tYx5XNQAcbm2"},"create-time":1614651443040,":edit/user":{":user/uid":"8Nk1KVg1ozgxUxN0tYx5XNQAcbm2"}}],"uid":"qTwsu7-Yg","edit-time":1614651256870,":edit/user":{":user/uid":"8Nk1KVg1ozgxUxN0tYx5XNQAcbm2"}},{"string":"supervision","create-time":1614651167196,":create/user":{":user/uid":"8Nk1KVg1ozgxUxN0tYx5XNQAcbm2"},"children":[{"string":"Effect of the Master of Public Health on Career Path","create-time":1614663184203,":create/user":{":user/uid":"8Nk1KVg1ozgxUxN0tYx5XNQAcbm2"},"children":[{"string":"2019","create-time":1614663205890,"uid":"3kw58UoO_","edit-time":1614663205890,":create/user":{":user/uid":"8Nk1KVg1ozgxUxN0tYx5XNQAcbm2"},":edit/user":{":user/uid":"8Nk1KVg1ozgxUxN0tYx5XNQAcbm2"}},{"string":"Lachlan Whang","create-time":1614651169965,"uid":"bFrMbCc8w","edit-time":1614663212007,":create/user":{":user/uid":"8Nk1KVg1ozgxUxN0tYx5XNQAcbm2"},":edit/user":{":user/uid":"8Nk1KVg1ozgxUxN0tYx5XNQAcbm2"}}],"uid":"S7vZk8BSi","edit-time":1614663205459,":edit/user":{":user/uid":"8Nk1KVg1ozgxUxN0tYx5XNQAcbm2"}}],"uid":"WUtZi-tzH","edit-time":1614651169987,":edit/user":{":user/uid":"8Nk1KVg1ozgxUxN0tYx5XNQAcbm2"}},{"string":"nice feedback","create-time":1614651189483,":create/user":{":user/uid":"8Nk1KVg1ozgxUxN0tYx5XNQAcbm2"},"children":[{"string":"“Dear Rory, thanks so much for everything you've done for us this semester in [unit]. You've truly gone above and beyond”","uid":"5xX4FdCTu","edit-time":1615190997592,":edit/user":{":user/uid":"8Nk1KVg1ozgxUxN0tYx5XNQAcbm2"}},{"string":"“Dear Rory, Cheers for being a great leaps tutor and making it more fun than I thought [unit] could be. You're a ripper teacher\"","uid":"9YQXOILcD","edit-time":1615191002346,":edit/user":{":user/uid":"8Nk1KVg1ozgxUxN0tYx5XNQAcbm2"}},{"string":"“Rory is a really really good tutor and always makes our tutorials interesting, fun and engaging! He is very approachable and always happy to help :)”","uid":"WVKhuQT57","edit-time":1615191005651,":edit/user":{":user/uid":"8Nk1KVg1ozgxUxN0tYx5XNQAcbm2"}},{"string":"“Thanks for being the most awesome [unit] tutor ever! I honestly don't think I would have learnt as much (or had as much fun) in [unit] if our group didn't have you as our tutor!!”","uid":"xlI9_elUh","edit-time":1615191008204,":edit/user":{":user/uid":"8Nk1KVg1ozgxUxN0tYx5XNQAcbm2"}},{"string":"\"Thanks for being a great tutor and so entertaining every week”","uid":"gCl4gu7ES","edit-time":1615191011003,":edit/user":{":user/uid":"8Nk1KVg1ozgxUxN0tYx5XNQAcbm2"}}],"uid":"a3dyJjBK1","edit-time":1615182071337,":edit/user":{":user/uid":"8Nk1KVg1ozgxUxN0tYx5XNQAcbm2"}}],"uid":"DQG0HhMbJ","edit-time":1614590323296,":edit/user":{":user/uid":"8Nk1KVg1ozgxUxN0tYx5XNQAcbm2"}},{"string":"awards","create-time":1614590330542,":create/user":{":user/uid":"8Nk1KVg1ozgxUxN0tYx5XNQAcbm2"},"children":[{"string":"Staff Reward and Recognition Award, 2020","create-time":1614651536829,":create/user":{":user/uid":"8Nk1KVg1ozgxUxN0tYx5XNQAcbm2"},"children":[{"string":"He always goes above and beyond what he is asked to do, completes his work to the highest standard, and often provides suggestions that value adds to students and other stakeholders. These suggestions inevitably increase his workload, but he is always ready to take on more. \nHe has an unflappable attitude, even when the pressure is on and even when we all didn’t see the last minute, unexpected deadline coming. We have wondered before if his spirit animal is the duck – calm on the surface and paddling furiously underneath the surface to keep things moving along.\nHe exhibits great enthusiasm in all he does, and his collegiality makes him a valued team member. A lesser person would have been overwhelmed and stressed by all the metaphorical plates needed to be kept spinning in the air, but Rory always manages to keep it all going with an abundance of energy.","uid":"MqXVo50W8","edit-time":1615195751545,":edit/user":{":user/uid":"8Nk1KVg1ozgxUxN0tYx5XNQAcbm2"}}],"uid":"hmjBRA2DH","edit-time":1614651554879,":edit/user":{":user/uid":"8Nk1KVg1ozgxUxN0tYx5XNQAcbm2"}},{"string":"2018 - 2021 Department of Education and Training, Research Training Program Scholarship - $30,000 P.A","uid":"8tArpyp-A","edit-time":1614651684311,":edit/user":{":user/uid":"8Nk1KVg1ozgxUxN0tYx5XNQAcbm2"}},{"string":"2018 - 2021 Council of Academic Public Health Institutions Australasia, PhD Scholarship - $5,000 P.A.","uid":"y0jJpxVmh","edit-time":1614651690796,":edit/user":{":user/uid":"8Nk1KVg1ozgxUxN0tYx5XNQAcbm2"}},{"string":"2019 - The University of Western Australia, Graduate Research School Travel Award - $1,850 ","uid":"Z0f5vUCuc","edit-time":1614651696510,":edit/user":{":user/uid":"8Nk1KVg1ozgxUxN0tYx5XNQAcbm2"}},{"string":"2019 - Public Health Association Australia,  Western Australian Conference Scholarship - $2,250","uid":"G3fuZac6F","edit-time":1614651707874,":edit/user":{":user/uid":"8Nk1KVg1ozgxUxN0tYx5XNQAcbm2"}},{"string":"2015 - The University of Western Australia, School of Population and Global Health, Health Promotion, highest mark","uid":"N_AFKj2h4","edit-time":1614651715623,":edit/user":{":user/uid":"8Nk1KVg1ozgxUxN0tYx5XNQAcbm2"}},{"string":"2015 - The University of Western Australia, School of Population and Global Health, Foundations of Public Health, highest mark","uid":"cPzbbW8XQ","edit-time":1614651718745,":edit/user":{":user/uid":"8Nk1KVg1ozgxUxN0tYx5XNQAcbm2"}},{"string":"2014 - The University of Western Australia, Faculty of Medicine, Dentistry and Health Sciences, preclinical tutor of the year award","uid":"6m13MJrky","edit-time":1614651726998,":edit/user":{":user/uid":"8Nk1KVg1ozgxUxN0tYx5XNQAcbm2"}},{"string":"2013 - The University of Western Australia, Gordon King scholarship for high quality research in obstetrics and gynaecology - $5,000","create-time":1614651661215,"uid":"AaM51hvxt","edit-time":1614651731686,":create/user":{":user/uid":"8Nk1KVg1ozgxUxN0tYx5XNQAcbm2"},":edit/user":{":user/uid":"8Nk1KVg1ozgxUxN0tYx5XNQAcbm2"}}],"uid":"wLxJljkfX","edit-time":1614651536854,":edit/user":{":user/uid":"8Nk1KVg1ozgxUxN0tYx5XNQAcbm2"}},{"string":"memberships","create-time":1614651738546,":create/user":{":user/uid":"8Nk1KVg1ozgxUxN0tYx5XNQAcbm2"},"children":[{"string":"2018 - Now - International\n  Health Economics Association – Student Member","create-time":1614651741999,"uid":"F7SovJXRV","edit-time":1614651758872,":create/user":{":user/uid":"8Nk1KVg1ozgxUxN0tYx5XNQAcbm2"},":edit/user":{":user/uid":"8Nk1KVg1ozgxUxN0tYx5XNQAcbm2"}},{"string":"2018 - Now - Statistical Society of Australia – Student Membership","uid":"C6UewIOfJ","edit-time":1614651788062,":edit/user":{":user/uid":"8Nk1KVg1ozgxUxN0tYx5XNQAcbm2"}},{"string":"2018 - Now - Public Health Association of Australia – Student Membership","uid":"EbtAmIlYK","edit-time":1614651790346,":edit/user":{":user/uid":"8Nk1KVg1ozgxUxN0tYx5XNQAcbm2"}},{"string":"2018 - Now - Higher Degree by Research Committee – The University of Western Australia","uid":"moYTstZx5","edit-time":1614651791640,":edit/user":{":user/uid":"8Nk1KVg1ozgxUxN0tYx5XNQAcbm2"}},{"string":"2019 - Now Digital Humanities Committee – The University of Western Australia","uid":"kflUCIWN4","edit-time":1614651782878,":edit/user":{":user/uid":"8Nk1KVg1ozgxUxN0tYx5XNQAcbm2"}}],"uid":"TOhiUg10d","edit-time":1614651742019,":edit/user":{":user/uid":"8Nk1KVg1ozgxUxN0tYx5XNQAcbm2"}}],"uid":"K2bvSp-iH","edit-time":1602927132542,":edit/user":{":user/uid":"8Nk1KVg1ozgxUxN0tYx5XNQAcbm2"}}]